1, 1, 0.8309325246398787
1, 2, 0.8354814253222138
1, 3, 0.8362395754359363
1, 4, 0.8392721758908264
1, 5, 0.8400303260045489
1, 6, 0.8400303260045489
1, 7, 0.8407884761182715
1, 8, 0.8415466262319939
1, 9, 0.8430629264594389
1, 10, 0.8430629264594389
1, 11, 0.844579226686884
1, 12, 0.8453373768006065
1, 13, 0.846095526914329
1, 14, 0.846095526914329
1, 15, 0.846095526914329
1, 16, 0.846095526914329
1, 17, 0.846095526914329
1, 18, 0.846095526914329
1, 19, 0.846095526914329
1, 20, 0.846095526914329
1, 21, 0.8468536770280516
1, 22, 0.8476118271417741
1, 23, 0.8476118271417741
1, 24, 0.8476118271417741
1, 25, 0.8476118271417741
1, 26, 0.8476118271417741
1, 27, 0.8476118271417741
1, 28, 0.8476118271417741
1, 29, 0.8483699772554966
1, 30, 0.8483699772554966
1, 31, 0.8483699772554966
1, 32, 0.849128127369219
1, 33, 0.8506444275966641
1, 34, 0.8506444275966641
1, 35, 0.8506444275966641
1, 36, 0.8506444275966641
1, 37, 0.8506444275966641
1, 38, 0.8506444275966641
1, 39, 0.8506444275966641
1, 40, 0.8514025777103866
2, 1, 0.8908263836239575
2, 2, 0.8938589840788476
2, 3, 0.8946171341925702
2, 4, 0.8961334344200151
2, 5, 0.8961334344200151
2, 6, 0.8961334344200151
2, 7, 0.8968915845337376
2, 8, 0.8984078847611827
2, 9, 0.8991660348749052
2, 10, 0.8991660348749052
2, 11, 0.9014404852160728
2, 12, 0.9021986353297953
2, 13, 0.9037149355572404
2, 14, 0.9037149355572404
2, 15, 0.9037149355572404
2, 16, 0.9037149355572404
2, 17, 0.9037149355572404
2, 18, 0.9037149355572404
2, 19, 0.9037149355572404
2, 20, 0.9037149355572404
2, 21, 0.9044730856709629
2, 22, 0.9044730856709629
2, 23, 0.9044730856709629
2, 24, 0.9044730856709629
2, 25, 0.9044730856709629
2, 26, 0.9044730856709629
2, 27, 0.9044730856709629
2, 28, 0.9044730856709629
2, 29, 0.9052312357846853
2, 30, 0.9052312357846853
2, 31, 0.9052312357846853
2, 32, 0.9052312357846853
2, 33, 0.9052312357846853
2, 34, 0.9052312357846853
2, 35, 0.9052312357846853
2, 36, 0.9052312357846853
2, 37, 0.9052312357846853
2, 38, 0.9052312357846853
2, 39, 0.9052312357846853
2, 40, 0.9052312357846853
3, 1, 0.9112964366944655
3, 2, 0.913570887035633
3, 3, 0.9150871872630781
3, 4, 0.9166034874905231
3, 5, 0.9166034874905231
3, 6, 0.9166034874905231
3, 7, 0.9173616376042456
3, 8, 0.9181197877179682
3, 9, 0.9188779378316907
3, 10, 0.9188779378316907
3, 11, 0.9203942380591357
3, 12, 0.9203942380591357
3, 13, 0.9219105382865808
3, 14, 0.9219105382865808
3, 15, 0.9219105382865808
3, 16, 0.9219105382865808
3, 17, 0.9219105382865808
3, 18, 0.9219105382865808
3, 19, 0.9219105382865808
3, 20, 0.9219105382865808
3, 21, 0.9226686884003032
3, 22, 0.9226686884003032
3, 23, 0.9226686884003032
3, 24, 0.9226686884003032
3, 25, 0.9226686884003032
3, 26, 0.9226686884003032
3, 27, 0.9226686884003032
3, 28, 0.9226686884003032
3, 29, 0.9234268385140257
3, 30, 0.9234268385140257
3, 31, 0.9234268385140257
3, 32, 0.9234268385140257
3, 33, 0.9234268385140257
3, 34, 0.9234268385140257
3, 35, 0.9234268385140257
3, 36, 0.9234268385140257
3, 37, 0.9241849886277483
3, 38, 0.9241849886277483
3, 39, 0.9241849886277483
3, 40, 0.9241849886277483
4, 1, 0.9249431387414708
4, 2, 0.9257012888551933
4, 3, 0.9272175890826384
4, 4, 0.9279757391963609
4, 5, 0.9279757391963609
4, 6, 0.9279757391963609
4, 7, 0.9287338893100834
4, 8, 0.9302501895375285
4, 9, 0.931008339651251
4, 10, 0.931008339651251
4, 11, 0.9325246398786959
4, 12, 0.9325246398786959
4, 13, 0.9332827899924185
4, 14, 0.9332827899924185
4, 15, 0.9332827899924185
4, 16, 0.9332827899924185
4, 17, 0.9332827899924185
4, 18, 0.9332827899924185
4, 19, 0.9332827899924185
4, 20, 0.9332827899924185
4, 21, 0.934040940106141
4, 22, 0.934040940106141
4, 23, 0.934040940106141
4, 24, 0.934040940106141
4, 25, 0.934040940106141
4, 26, 0.934040940106141
4, 27, 0.934040940106141
4, 28, 0.934040940106141
4, 29, 0.9347990902198635
4, 30, 0.9347990902198635
4, 31, 0.935557240333586
4, 32, 0.935557240333586
4, 33, 0.935557240333586
4, 34, 0.935557240333586
4, 35, 0.935557240333586
4, 36, 0.935557240333586
4, 37, 0.9363153904473086
4, 38, 0.9363153904473086
4, 39, 0.9363153904473086
4, 40, 0.9363153904473086
5, 1, 0.931008339651251
5, 2, 0.9325246398786959
5, 3, 0.9332827899924185
5, 4, 0.9347990902198635
5, 5, 0.9347990902198635
5, 6, 0.9347990902198635
5, 7, 0.935557240333586
5, 8, 0.9370735405610311
5, 9, 0.9370735405610311
5, 10, 0.9370735405610311
5, 11, 0.9385898407884761
5, 12, 0.9385898407884761
5, 13, 0.9393479909021987
5, 14, 0.9393479909021987
5, 15, 0.9393479909021987
5, 16, 0.9393479909021987
5, 17, 0.9393479909021987
5, 18, 0.9393479909021987
5, 19, 0.9393479909021987
5, 20, 0.9401061410159212
5, 21, 0.9408642911296436
5, 22, 0.9408642911296436
5, 23, 0.9408642911296436
5, 24, 0.9423805913570887
5, 25, 0.9423805913570887
5, 26, 0.9423805913570887
5, 27, 0.9423805913570887
5, 28, 0.9423805913570887
5, 29, 0.9423805913570887
5, 30, 0.9423805913570887
5, 31, 0.9431387414708112
5, 32, 0.9431387414708112
5, 33, 0.9431387414708112
5, 34, 0.9431387414708112
5, 35, 0.9431387414708112
5, 36, 0.9431387414708112
5, 37, 0.9438968915845337
5, 38, 0.9438968915845337
5, 39, 0.9438968915845337
5, 40, 0.9438968915845337
6, 1, 0.9370735405610311
6, 2, 0.9378316906747536
6, 3, 0.9385898407884761
6, 4, 0.9393479909021987
6, 5, 0.9401061410159212
6, 6, 0.9401061410159212
6, 7, 0.9401061410159212
6, 8, 0.9408642911296436
6, 9, 0.9408642911296436
6, 10, 0.9408642911296436
6, 11, 0.9423805913570887
6, 12, 0.9423805913570887
6, 13, 0.9423805913570887
6, 14, 0.9423805913570887
6, 15, 0.9423805913570887
6, 16, 0.9423805913570887
6, 17, 0.9423805913570887
6, 18, 0.9423805913570887
6, 19, 0.9423805913570887
6, 20, 0.9431387414708112
6, 21, 0.9431387414708112
6, 22, 0.9431387414708112
6, 23, 0.9431387414708112
6, 24, 0.9446550416982562
6, 25, 0.9446550416982562
6, 26, 0.9454131918119788
6, 27, 0.9454131918119788
6, 28, 0.9454131918119788
6, 29, 0.9454131918119788
6, 30, 0.9454131918119788
6, 31, 0.9461713419257013
6, 32, 0.9461713419257013
6, 33, 0.9461713419257013
6, 34, 0.9461713419257013
6, 35, 0.9461713419257013
6, 36, 0.9461713419257013
6, 37, 0.9469294920394238
6, 38, 0.9469294920394238
6, 39, 0.9469294920394238
6, 40, 0.9469294920394238
7, 1, 0.9416224412433661
7, 2, 0.9423805913570887
7, 3, 0.9438968915845337
7, 4, 0.9454131918119788
7, 5, 0.9461713419257013
7, 6, 0.9461713419257013
7, 7, 0.9461713419257013
7, 8, 0.9469294920394238
7, 9, 0.9469294920394238
7, 10, 0.9469294920394238
7, 11, 0.9484457922668689
7, 12, 0.9484457922668689
7, 13, 0.9484457922668689
7, 14, 0.9484457922668689
7, 15, 0.9484457922668689
7, 16, 0.9484457922668689
7, 17, 0.9484457922668689
7, 18, 0.9484457922668689
7, 19, 0.9484457922668689
7, 20, 0.9492039423805914
7, 21, 0.9492039423805914
7, 22, 0.9492039423805914
7, 23, 0.9499620924943138
7, 24, 0.9514783927217589
7, 25, 0.9514783927217589
7, 26, 0.9522365428354814
7, 27, 0.9522365428354814
7, 28, 0.9522365428354814
7, 29, 0.9522365428354814
7, 30, 0.9522365428354814
7, 31, 0.9522365428354814
7, 32, 0.9522365428354814
7, 33, 0.9522365428354814
7, 34, 0.9522365428354814
7, 35, 0.9529946929492039
7, 36, 0.9529946929492039
7, 37, 0.9537528430629265
7, 38, 0.9537528430629265
7, 39, 0.9537528430629265
7, 40, 0.9537528430629265
8, 1, 0.9469294920394238
8, 2, 0.9484457922668689
8, 3, 0.9499620924943138
8, 4, 0.9507202426080363
8, 5, 0.9514783927217589
8, 6, 0.9522365428354814
8, 7, 0.9522365428354814
8, 8, 0.9522365428354814
8, 9, 0.9522365428354814
8, 10, 0.9522365428354814
8, 11, 0.9537528430629265
8, 12, 0.9537528430629265
8, 13, 0.9537528430629265
8, 14, 0.9537528430629265
8, 15, 0.9537528430629265
8, 16, 0.9537528430629265
8, 17, 0.9537528430629265
8, 18, 0.9537528430629265
8, 19, 0.9537528430629265
8, 20, 0.954510993176649
8, 21, 0.954510993176649
8, 22, 0.954510993176649
8, 23, 0.9552691432903715
8, 24, 0.956027293404094
8, 25, 0.956027293404094
8, 26, 0.9567854435178166
8, 27, 0.9567854435178166
8, 28, 0.9567854435178166
8, 29, 0.9567854435178166
8, 30, 0.9567854435178166
8, 31, 0.9567854435178166
8, 32, 0.9567854435178166
8, 33, 0.9567854435178166
8, 34, 0.9567854435178166
8, 35, 0.9575435936315391
8, 36, 0.9575435936315391
8, 37, 0.9583017437452616
8, 38, 0.9583017437452616
8, 39, 0.9583017437452616
8, 40, 0.9583017437452616
9, 1, 0.9484457922668689
9, 2, 0.9499620924943138
9, 3, 0.9522365428354814
9, 4, 0.9522365428354814
9, 5, 0.9529946929492039
9, 6, 0.9537528430629265
9, 7, 0.9537528430629265
9, 8, 0.9537528430629265
9, 9, 0.9537528430629265
9, 10, 0.9537528430629265
9, 11, 0.9552691432903715
9, 12, 0.9552691432903715
9, 13, 0.9552691432903715
9, 14, 0.9552691432903715
9, 15, 0.956027293404094
9, 16, 0.956027293404094
9, 17, 0.956027293404094
9, 18, 0.956027293404094
9, 19, 0.956027293404094
9, 20, 0.9567854435178166
9, 21, 0.9567854435178166
9, 22, 0.9567854435178166
9, 23, 0.9575435936315391
9, 24, 0.9583017437452616
9, 25, 0.9583017437452616
9, 26, 0.9583017437452616
9, 27, 0.9583017437452616
9, 28, 0.9583017437452616
9, 29, 0.9583017437452616
9, 30, 0.9583017437452616
9, 31, 0.9583017437452616
9, 32, 0.9583017437452616
9, 33, 0.9583017437452616
9, 34, 0.9583017437452616
9, 35, 0.959059893858984
9, 36, 0.959059893858984
9, 37, 0.9598180439727066
9, 38, 0.9598180439727066
9, 39, 0.9598180439727066
9, 40, 0.9598180439727066
10, 1, 0.9484457922668689
10, 2, 0.9499620924943138
10, 3, 0.9522365428354814
10, 4, 0.9522365428354814
10, 5, 0.9529946929492039
10, 6, 0.9537528430629265
10, 7, 0.9537528430629265
10, 8, 0.9537528430629265
10, 9, 0.9537528430629265
10, 10, 0.9537528430629265
10, 11, 0.9552691432903715
10, 12, 0.9552691432903715
10, 13, 0.9552691432903715
10, 14, 0.9552691432903715
10, 15, 0.956027293404094
10, 16, 0.956027293404094
10, 17, 0.956027293404094
10, 18, 0.956027293404094
10, 19, 0.956027293404094
10, 20, 0.9567854435178166
10, 21, 0.9567854435178166
10, 22, 0.9567854435178166
10, 23, 0.9575435936315391
10, 24, 0.9583017437452616
10, 25, 0.9583017437452616
10, 26, 0.9583017437452616
10, 27, 0.9583017437452616
10, 28, 0.9583017437452616
10, 29, 0.9583017437452616
10, 30, 0.9583017437452616
10, 31, 0.9583017437452616
10, 32, 0.9583017437452616
10, 33, 0.9583017437452616
10, 34, 0.9583017437452616
10, 35, 0.959059893858984
10, 36, 0.9598180439727066
10, 37, 0.9605761940864291
10, 38, 0.9605761940864291
10, 39, 0.9605761940864291
10, 40, 0.9605761940864291
